id,name,nif,email,phone,address
1,Ana Costa da Silga,111222333,ana.costa@email.com,Rua das Flores 123,912345678
3,Wagner Filho,999999999,wagner@email.com,9111111,Lisboa
3,Wagner Filho,999999999,wagner@email.com,Lisboa,9111111
4,Wagner Filho,999999999,wagner@email.com,Lisboa,9111111
5,Wagner Filho,999999999,wagner@email.com,Lisboa,9111111
6,Wagner Filho,999999999,wagner@email.com,Lisboa,9111111
7,Wagner Filho,999999999,wagner@email.com,Lisboa,9111111
8,Wagner Filho,999999999,wagner@email.com,Lisboa,9111111
9,Wagner Filho,999999999,wagner@email.com,Lisboa,9111111
